,annotate_text,label,annotated_at,geo_tag
0,<b>Raw:</b> @AmaAbigail2 I can be doing this fy yk!<br><b>Clean</b>: i can be doing this fy yk,informal-english,2022-12-12 09:34:07,Accra
1,<b>Raw:</b> @theMadridZone @NizaarKinsella Aahh is he a player at all tsoooooo<br><b>Clean</b>: aahh is he a player at all tsoooooo,informal-english,2022-12-12 09:34:37,Accra
2,<b>Raw:</b> JULY 10th be the ishğŸŠğŸ‰ğŸ‚â¤ï¸<br><b>Clean</b>: july 10th be the ish,informal-english,2022-12-12 09:34:42,Accra
3,<b>Raw:</b> Ei bro the guy root give ein boy<br><b>Clean</b>: ei bro the guy root give ein boy,informal-english,2022-12-12 09:34:46,Accra
4,<b>Raw:</b> @babydoll_forbes That's another convo trigger that puts dem phones back into these hands...hehehe<br><b>Clean</b>: thats another convo trigger that puts dem phones back into these hands hehehe,informal-english,2022-12-12 09:34:52,Accra
5,<b>Raw:</b> Bro somebody is playing with Mbappe and Neymar and has 4 goals all season.<br><b>Clean</b>: bro somebody is playing with mbappe and neymar and has 4 goals all season,syntactic-english,2022-12-12 09:35:51,Accra
6,<b>Raw:</b> @98jamezz @Nyamewaaaaa Na wonim aaa ni<br><b>Clean</b>: na wonim aaa ni,not-english,2022-12-12 09:36:05,Accra
7,<b>Raw:</b> @69Positionss @Tomm_ridle @KLizue @MRNAGWEAR I miss u bebree<br><b>Clean</b>: i miss u bebree,code-switched,2022-12-12 09:36:11,Accra
8,<b>Raw:</b> @MilanoD3Blogger @SneakerNyame_ Thanks for post bro ğŸ™â¤ï¸<br><b>Clean</b>: thanks for post bro,non-syntactic-english,2022-12-12 09:36:20,Accra
9,<b>Raw:</b> OBO NO GO MINUS<br><b>Clean</b>: obo no go minus,incidental-english,2022-12-12 09:36:32,Accra
10,"<b>Raw:</b> Alhaji ba nantwie wo fie, ne papa wo nantwie wo fie ğŸ¶<br><b>Clean</b>: alhaji ba nantwie wo fie ne papa wo nantwie wo fie",not-english,2022-12-12 09:36:42,Accra
11,<b>Raw:</b> Don't burden anyone's daughter.<br><b>Clean</b>: dont burden anyones daughter,syntactic-english,2022-12-12 09:37:40,Accra
12,<b>Raw:</b> @_aakolly you fool keke ğŸ˜‚ğŸ˜‚ğŸ˜‚  you for continue the Naija pidgin<br><b>Clean</b>: you fool keke you for continue the naija pidgin,informal-english,2022-12-12 09:37:50,Accra
13,<b>Raw:</b> @DrKevWoodz For real bro cc @kaphuyi<br><b>Clean</b>: for real bro cc,non-syntactic-english,2022-12-12 09:38:08,Accra
14,<b>Raw:</b> @AsabereRoland ğŸ¤£ğŸ¤£dansoman be accra DC<br><b>Clean</b>: dansoman be accra dc,informal-english,2022-12-12 09:38:18,Accra
15,<b>Raw:</b> Buh chale the inter Milan goal dey bee oo<br><b>Clean</b>: buh chale the inter milan goal dey bee oo,informal-english,2022-12-12 09:38:24,Accra
16,<b>Raw:</b> So this explosion dier no pastor see am? Nyame bÉ›tua mo ka paa mo<br><b>Clean</b>: so this explosion dier no pastor see am nyame btua mo ka paa mo,code-switched,2022-12-12 09:38:41,Accra
17,<b>Raw:</b> Let me watch Eternals<br><b>Clean</b>: let me watch eternals,syntactic-english,2022-12-12 09:38:49,Accra
18,"<b>Raw:</b> do your thang lil mama 
do your thang 
ğŸ”‚<br><b>Clean</b>: do your thang lil mama do your thang",informal-english,2022-12-12 09:38:54,Accra
19,<b>Raw:</b> @jeremyb___ You dey taya meğŸ¤£ğŸ¤£ğŸ¤£<br><b>Clean</b>: you dey taya me,informal-english,2022-12-12 09:39:05,Accra
20,<b>Raw:</b> @ghanayesu_ Your face like zorzor ğŸ˜‚<br><b>Clean</b>: your face like zorzor,code-switched,2022-12-12 09:39:14,Accra
21,<b>Raw:</b> Focalis where you dy?<br><b>Clean</b>: focalis where you dy,informal-english,2022-12-12 09:39:25,Accra
22,<b>Raw:</b> @Founda__ Abi u shy? U know coaching pass Anchelotti?<br><b>Clean</b>: abi u shy u know coaching pass anchelotti,informal-english,2022-12-12 09:39:30,Accra
23,<b>Raw:</b> @Edwin_Odoi Ah she be kayayo?<br><b>Clean</b>: ah she be kayayo,code-switched,2022-12-12 09:39:35,Accra
24,<b>Raw:</b> @akweci_dherrick @lydiaforson Yhh made a point<br><b>Clean</b>: yhh made a point,informal-english,2022-12-12 09:39:40,Accra
25,<b>Raw:</b> @QABoahene @edudzi_ Nice cool greys bro<br><b>Clean</b>: nice cool greys bro,informal-english,2022-12-12 09:39:54,Accra
26,<b>Raw:</b> @ElizhaOfficial @_Compton101 @1_cabilla @okt_ranking30 @Aluta_shaban94 @TeamElizha Screensaver of the year. â¤ï¸ğŸ”¥<br><b>Clean</b>: screensaver of the year,non-syntactic-english,2022-12-12 09:40:08,Accra
27,<b>Raw:</b> ğŸ˜‚ğŸ˜‚ğŸ˜‚ğŸ˜‚ğŸ˜‚ğŸ˜‚ Karmah dey kill me ğŸ˜‚ğŸ˜‚ğŸ˜‚<br><b>Clean</b>: karmah dey kill me,informal-english,2022-12-12 09:41:34,Accra
28,<b>Raw:</b> I need jollof now ğŸ˜”ğŸ˜”ğŸ˜”<br><b>Clean</b>: i need jollof now,syntactic-english,2022-12-12 09:41:39,Accra
29,<b>Raw:</b> @hex_two @hxmza27 @RalfBall_ @ManUnitedZone_ Saw it too Juventus<br><b>Clean</b>: saw it too juventus,non-syntactic-english,2022-12-12 09:41:52,Accra
30,<b>Raw:</b> @justmagnus_ @i____virgo Yh am fine you ğŸ¥°<br><b>Clean</b>: yh am fine you,non-syntactic-english,2022-12-12 09:42:15,Accra
31,<b>Raw:</b> @UberFacts Mufasa be chasing after Simba all the damn time ğŸ¤¦ğŸ¾â€â™‚ï¸<br><b>Clean</b>: mufasa be chasing after simba all the damn time,non-syntactic-english,2022-12-12 09:42:25,Accra
32,"<b>Raw:</b> @Dennis_fairboi Nope, peace is overrated.<br><b>Clean</b>: nope peace is overrated",syntactic-english,2022-12-12 09:42:47,Accra
33,<b>Raw:</b> French Montana listen to Doyin with your accent bro  #BBNaija<br><b>Clean</b>: french montana listen to doyin with your accent bro,syntactic-english,2022-12-12 09:42:58,Accra
34,<b>Raw:</b> @aboagyewaa__ Something you're capable of<br><b>Clean</b>: something youre capable of,non-syntactic-english,2022-12-12 09:43:17,Accra
35,<b>Raw:</b> @bizzlekay @EhuOfficial Oh im okay ei<br><b>Clean</b>: oh im okay ei,informal-english,2022-12-12 09:43:21,Accra
36,<b>Raw:</b> @homebargains Wat do u guys take us 4? U make us waste our tym and crte acnt on ur plt4m in other 2 access ur emplymnt aplcationğŸ˜¥waste our tym 2 fill in 2 details evry part of ur aplcation questnğŸ˜¢n later tell de persn they don't meet eligibilityğŸ˜­wat is dat? R u only tryn to make fun of usğŸ˜­<br><b>Clean</b>: wat do u guys take us 4 u make us waste our tym and crte acnt on ur plt4m in other 2 access ur emplymnt aplcationwaste our tym 2 fill in 2 details evry part of ur aplcation questnn later tell de persn they dont meet eligibilitywat is dat r u only tryn to make fun of us,informal-english,2022-12-12 09:43:33,Accra
37,<b>Raw:</b> @WhoIsDeydzi @afrotaku__ I do o. Cydm<br><b>Clean</b>: i do o cydm,informal-english,2022-12-12 09:43:42,Accra
38,"<b>Raw:</b> @IlaBappa Physics-defying badassery ğŸ˜‚
Sure it never happened.<br><b>Clean</b>: physics defying badassery sure it never happened",informal-english,2022-12-12 09:43:59,Accra
39,<b>Raw:</b> She smells great ğŸ˜ &gt;&gt;&gt;&gt;&gt;&gt;<br><b>Clean</b>: she smells great gtgtgtgtgtgt,syntactic-english,2022-12-12 09:44:13,Accra
40,<b>Raw:</b> @Anita__Akuffo Hmmm Sister Anita nie ğŸ˜‚ğŸ˜‚ğŸ˜‚ğŸ˜…ğŸ¤­ğŸ’”<br><b>Clean</b>: hmmm sister anita nie,code-switched,2022-12-12 09:44:18,Accra
41,<b>Raw:</b> @asi_renie I got u AsiğŸ’<br><b>Clean</b>: i got u asi,informal-english,2022-12-12 09:44:40,Accra
42,<b>Raw:</b> I ll send the mixtape to the IGP himselfâ€¦..inshallah<br><b>Clean</b>: i ll send the mixtape to the igp himself inshallah,non-syntactic-english,2022-12-12 09:44:48,Accra
43,"<b>Raw:</b> By now, that useless Abronye DC is having properties in Sunyani. NPP Never again.<br><b>Clean</b>: by now that useless abronye dc is having properties in sunyani npp never again",non-syntactic-english,2022-12-12 09:45:22,Accra
44,<b>Raw:</b> @adabs_creecy @_Stevemensa @_leghacy Hmm me? Hmm mati<br><b>Clean</b>: hmm me hmm mati,code-switched,2022-12-12 09:45:29,Accra
45,<b>Raw:</b> @_Abdulkarim_10 @AnnanPerry NPP lost one MP. Hon. Ebenezer Kumi or so<br><b>Clean</b>: npp lost one mp hon ebenezer kumi or so,syntactic-english,2022-12-12 09:45:40,Accra
46,<b>Raw:</b> @gyaigyimii Waaake up.. Ma geeğŸ˜‚ğŸ˜‚<br><b>Clean</b>: waaake up ma gee,informal-english,2022-12-12 09:45:47,Accra
47,<b>Raw:</b> Ei this man paa. What does he mean?<br><b>Clean</b>: ei this man paa what does he mean,code-switched,2022-12-12 09:46:02,Accra
48,"<b>Raw:</b> @Mr_Sesah I'm recommending @NanaBoakye__ for you. Infact, Nana Boakye Yiadom Dankwa Ababio is a true replica of you Mr. President.<br><b>Clean</b>: im recommending for you infact nana boakye yiadom dankwa ababio is a true replica of you mr president",syntactic-english,2022-12-12 09:46:11,Accra
49,<b>Raw:</b> @TurksonSA @kdannso Herh I tear oğŸ¤£ğŸ¤£ğŸ¤£ğŸ¤£ğŸ¤£ğŸ¤£ğŸ¤£ğŸ¤£ğŸ¤£ğŸ¤£ğŸ¤£ğŸ¤£ğŸ¤£<br><b>Clean</b>: herh i tear o,code-switched,2022-12-12 09:46:22,Accra
50,"<b>Raw:</b> @Muftawu_Nabila Bcus his elder bro is not part and i,Ghana ğŸ‡¬ğŸ‡­ don't care<br><b>Clean</b>: bcus his elder bro is not part and ighana dont care",informal-english,2022-12-12 09:46:26,Accra
51,<b>Raw:</b> @richie_alone So so intimidating soor<br><b>Clean</b>: so so intimidating soor,code-switched,2022-12-12 09:46:39,Accra
52,<b>Raw:</b> Herh so r2bees then KP no go come? EiğŸ¤£ğŸ¤£<br><b>Clean</b>: herh so r2bees then kp no go come ei,code-switched,2022-12-12 09:46:51,Accra
53,"<b>Raw:</b> @CryptonIke Herh ğŸ˜‚ğŸ˜‚ğŸ˜‚ğŸ˜‚
You need salvation<br><b>Clean</b>: herh you need salvation",code-switched,2022-12-12 09:46:56,Accra
54,<b>Raw:</b> @Austin_claries You dey force momm<br><b>Clean</b>: you dey force momm,code-switched,2022-12-12 09:47:00,Accra
55,<b>Raw:</b> @BraRein @Zeinat_Issahak My money oh yoo<br><b>Clean</b>: my money oh yoo,code-switched,2022-12-12 09:47:10,Accra
56,<b>Raw:</b> Chichi is hurt ankasa  #BBNaija<br><b>Clean</b>: chichi is hurt ankasa,code-switched,2022-12-12 09:47:18,Accra
57,<b>Raw:</b> Boiâ€¦Rich men exes ğŸ˜‚ğŸ˜‚ğŸ˜‚ğŸ˜‚ğŸ˜‚<br><b>Clean</b>: boi rich men exes,code-switched,2022-12-12 09:47:29,Accra
58,"<b>Raw:</b> @gyaigyimii @ELgh_  guy can rap 
Herhhhhh<br><b>Clean</b>: guy can rap herhhhhh",code-switched,2022-12-12 09:47:33,Accra
59,<b>Raw:</b> @thenanaaba If Ga komi nuh tastes good kraaa ....it pass fante kenkey<br><b>Clean</b>: if ga komi nuh tastes good kraaa it pass fante kenkey,code-switched,2022-12-12 09:47:44,Accra
60,<b>Raw:</b> @curl_vinII Chale outside foot oo. ğŸ˜­<br><b>Clean</b>: chale outside foot oo,informal-english,2022-12-12 09:47:49,Accra
61,<b>Raw:</b> @BenopaOnyx1 @gyaigyimii Youâ€™re meanğŸ˜­â€¦ leave there ğŸ˜©ğŸ˜‚<br><b>Clean</b>: youre mean leave there,non-syntactic-english,2022-12-12 09:48:06,Accra
62,<b>Raw:</b> @AsanteKotokoSu1 @HeartsOfOakGH ur village club that shits in the bush.... siaaa to mu team fooo sÉ›É› borla... kakabo fc with aboboyaa branding<br><b>Clean</b>: ur village club that shits in the bush siaaa to mu team fooo s borla kakabo fc with aboboyaa branding,code-switched,2022-12-12 09:48:12,Accra
63,<b>Raw:</b> SZA making my nightğŸ’•<br><b>Clean</b>: sza making my night,non-syntactic-english,2022-12-12 09:48:21,Accra
64,<b>Raw:</b> @_owurakuampofo @kojoantwiba Kaaii enemy dey lie<br><b>Clean</b>: kaaii enemy dey lie,code-switched,2022-12-12 09:48:28,Accra
65,<b>Raw:</b> @AchiaaMusic ICGC Open Heavens Temple...<br><b>Clean</b>: icgc open heavens temple,non-syntactic-english,2022-12-12 09:48:36,Accra
66,<b>Raw:</b> @TravisMorgan07 i see just now chale. hm ebi sad.<br><b>Clean</b>: i see just now chale hm ebi sad,code-switched,2022-12-12 09:48:45,Accra
67,<b>Raw:</b> @tv3daterush wossop u pple dey play anaa ah agoro b3n nono  this is a national platform this is not suppose to happen #DateRush<br><b>Clean</b>: wossop u pple dey play anaa ah agoro b3n nono this is a national platform this is not suppose to happen,code-switched,2022-12-12 09:48:53,Accra
68,<b>Raw:</b> @ftblzone_ Y'all exclude Memphis lmao<br><b>Clean</b>: yall exclude memphis lmao,informal-english,2022-12-12 09:48:58,Accra
69,<b>Raw:</b> @ChelseaOkyeame @Kwame__Deuces @gyaigyimii Naaa dis niqqa donâ€™t understand â€œpedestrianâ€ please forgive himğŸ˜¹ğŸ˜¹ğŸ˜¹ğŸ˜¹<br><b>Clean</b>: naaa dis niqqa dont understand pedestrian please forgive him,informal-english,2022-12-12 09:49:11,Accra
70,<b>Raw:</b> @NAkufoAddo This is useless @NAkufoAddo NSS alawa koraaa you can't pay.#NPPMUSTFALL<br><b>Clean</b>: this is useless nss alawa koraaa you cant pay,code-switched,2022-12-12 09:49:21,Accra
71,<b>Raw:</b> How is indomie trending?? ğŸŒ<br><b>Clean</b>: how is indomie trending,syntactic-english,2022-12-12 09:49:42,Accra
72,<b>Raw:</b> @__kofiyeboah masa you cannot be tensing we the equatorial niccas ğŸ¥µ<br><b>Clean</b>: masa you cannot be tensing we the equatorial niccas,code-switched,2022-12-12 09:51:20,Accra
73,<b>Raw:</b> Naa! Bro why you dey be so? Ei..<br><b>Clean</b>: naa bro why you dey be so ei,code-switched,2022-12-12 09:51:28,Accra
74,<b>Raw:</b> Allyssa is the problem<br><b>Clean</b>: allyssa is the problem,syntactic-english,2022-12-12 09:51:35,Accra
75,<b>Raw:</b> @ghanayesu_ So is it still Ghana Yesu that oooor<br><b>Clean</b>: so is it still ghana yesu that oooor,code-switched,2022-12-12 09:56:30,Accra
76,<b>Raw:</b> @Benedytte Pappy dey ğŸƒâ€â™‚ï¸ğŸƒâ€â™‚ï¸lyk dogğŸ˜‚ğŸ˜‚<br><b>Clean</b>: pappy dey lyk dog,informal-english,2022-12-12 09:56:38,Accra
77,<b>Raw:</b> @leslie_kkay @oreonwarmmilkk Chale for Nurses demma postings de3 Opana force oo...the backlog was serious. lol<br><b>Clean</b>: chale for nurses demma postings de3 opana force oo the backlog was serious lol,code-switched,2022-12-12 09:56:44,Accra
78,<b>Raw:</b> Naeto C listening nicely<br><b>Clean</b>: naeto c listening nicely,non-syntactic-english,2022-12-12 09:57:04,Accra
79,"<b>Raw:</b> @yo_niq Locus, DL Q33 mad XPR 50<br><b>Clean</b>: locus dl q33 mad xpr 50",non-syntactic-english,2022-12-12 09:57:20,Accra
80,"<b>Raw:</b> @AdusiPoku86 @GeorgeAnagli @_minister_Isaac @Opresii If Ronaldo plays in the UEL and Messi plays in the UCL till they retire,Messi will never win 5 UCL trophies ğŸ˜ŒğŸ¤<br><b>Clean</b>: if ronaldo plays in the uel and messi plays in the ucl till they retiremessi will never win 5 ucl trophies",non-syntactic-english,2022-12-12 09:57:40,Accra
81,<b>Raw:</b> Yâ€™all be soo fine ğŸ˜®â€ğŸ’¨ğŸ˜®â€ğŸ’¨ğŸ˜®â€ğŸ’¨<br><b>Clean</b>: yall be soo fine,non-syntactic-english,2022-12-12 09:58:49,Accra
82,<b>Raw:</b> @selasi_klutse E be serious oooo<br><b>Clean</b>: e be serious oooo,informal-english,2022-12-12 09:59:44,Accra
83,<b>Raw:</b> @PMLEGEND P dot Miz Man ğŸ¤ŒğŸ¿<br><b>Clean</b>: p dot miz man,incidental-english,2022-12-12 09:59:58,Accra
84,<b>Raw:</b> @Zillah_This Relax. Ebe ceiling fan ğŸ’€ğŸ˜€<br><b>Clean</b>: relax ebe ceiling fan,code-switched,2022-12-12 10:20:36,Accra
85,<b>Raw:</b> @Opresii When oyibo chop you<br><b>Clean</b>: when oyibo chop you,code-switched,2022-12-12 10:20:54,Accra
86,<b>Raw:</b> @__effah @Kwaku____ She say like Captan and Addi Sef for step in ğŸ˜­ğŸ˜­ğŸ˜­ğŸ˜­<br><b>Clean</b>: she say like captan and addi sef for step in,informal-english,2022-12-12 11:35:43,Accra
87,<b>Raw:</b> @Shamzy_0 Chale Big Ivy be hard ğŸ˜‚ Iâ€™m Like Barcelona I have no Mercy (Messi) herh ğŸ˜‚<br><b>Clean</b>: chale big ivy be hard im like barcelona i have no mercy messi herh,informal-english,2022-12-12 11:36:08,Accra
88,<b>Raw:</b> Erasmus now woyÉ› lawyer? Ei! Defamation nyinaa come inside ğŸ˜‚ #Daterushreunion<br><b>Clean</b>: erasmus now woy lawyer ei defamation nyinaa come inside,code-switched,2022-12-12 11:36:11,Accra
89,<b>Raw:</b> @ReggieRockstone @Joyallover @Liquorose Sure thing ğŸ‘ Big Bro @RoseArmy__  @RosearmyR<br><b>Clean</b>: sure thing big bro,non-syntactic-english,2022-12-12 11:36:24,Accra
90,<b>Raw:</b> @antoniojg1986 @ZachLowy Hhhhmmmm itâ€™s very sad<br><b>Clean</b>: hhhhmmmm its very sad,informal-english,2022-12-12 11:36:29,Accra
91,<b>Raw:</b> Ekumfi for the night o aahhh finesse ğŸ•ºğŸ¿<br><b>Clean</b>: ekumfi for the night o aahhh finesse,code-switched,2022-12-12 11:36:33,Accra
92,<b>Raw:</b> @BruceJojo use the same energy to talk abt ur fante chiefs. bcos of politics 3nti u ar peaching against Asantehene. Bt in ur own hometown poverty is crippling them<br><b>Clean</b>: use the same energy to talk abt ur fante chiefs bcos of politics 3nti u ar peaching against asantehene bt in ur own hometown poverty is crippling them,code-switched,2022-12-12 11:36:40,Accra
93,<b>Raw:</b> @BLAKK_SPYDA @liliesandsmiles Ohh yhhh...u ankasa u be good boy oo<br><b>Clean</b>: ohh yhhh u ankasa u be good boy oo,code-switched,2022-12-12 11:36:45,Accra
94,<b>Raw:</b> Ei Debbie dawg me. Like 54 years this. Hmm<br><b>Clean</b>: ei debbie dawg me like 54 years this hmm,code-switched,2022-12-12 11:37:04,Accra
95,"<b>Raw:</b> @adjah_tetteh Thank you ğŸ˜Š
Aponkye nkrakra oohhh ğŸ¤£ğŸ¤£
Make a take hold body ğŸ˜‚<br><b>Clean</b>: thank you aponkye nkrakra oohhh make a take hold body",code-switched,2022-12-12 11:37:09,Accra
96,<b>Raw:</b> @PulseGhana Agya koo and sonğŸ‘<br><b>Clean</b>: agya koo and son,code-switched,2022-12-12 11:37:14,Accra
97,<b>Raw:</b> @BenopaOnyx1 Mateu Alemany bi football Albert Einstein....... the man get head Herh ğŸ˜‚<br><b>Clean</b>: mateu alemany bi football albert einstein the man get head herh,informal-english,2022-12-12 11:37:24,Accra
98,<b>Raw:</b> @ako_bae1 @epixodemusic U sure abt ur fact? Coz ihr say he go Ghanata ooo<br><b>Clean</b>: u sure abt ur fact coz ihr say he go ghanata ooo,informal-english,2022-12-12 11:37:32,Accra
99,<b>Raw:</b> @Joshua_Ubeku @MagikalA Barce must take off 10 from fati ....clear<br><b>Clean</b>: barce must take off 10 from fati clear,informal-english,2022-12-12 11:37:43,Accra
100,<b>Raw:</b> @kento_sekine Bon sÃ©jour Ã  Togo!<br><b>Clean</b>: bon sÃ©jour Ã  togo,not-english,2022-12-12 11:37:49,Accra
101,<b>Raw:</b> @oduro_kweku Afrobeats itâ€™s on Netflix 12 episodes very insightful<br><b>Clean</b>: afrobeats its on netflix 12 episodes very insightful,non-syntactic-english,2022-12-12 11:38:01,Accra
102,<b>Raw:</b> #VGMA23 Dumbfounding performance by @samini_dagaati Akye...!<br><b>Clean</b>: dumbfounding performance by akye,non-syntactic-english,2022-12-12 11:38:21,Accra
103,<b>Raw:</b> Illuminati get benefits waa<br><b>Clean</b>: illuminati get benefits waa,code-switched,2022-12-12 11:38:26,Accra
104,<b>Raw:</b> @joshsbro It better than Kante<br><b>Clean</b>: it better than kante,non-syntactic-english,2022-12-12 11:38:36,Accra
105,<b>Raw:</b> @xChellz Witcho lil forehead protector ğŸ˜Š<br><b>Clean</b>: witcho lil forehead protector,informal-english,2022-12-12 11:38:41,Accra
106,"<b>Raw:</b> @SneakerNyame_ Yeah Eno b Sheldon
His head like deflated watermelon
He sanna block me too sake off isay Sarkodie dey rap pass manifest 
Gbemi<br><b>Clean</b>: yeah eno b sheldon his head like deflated watermelon he sanna block me too sake off isay sarkodie dey rap pass manifest gbemi",code-switched,2022-12-12 11:39:03,Accra
107,<b>Raw:</b> @satyam1mishra Thanks for sharing SatyamğŸ™<br><b>Clean</b>: thanks for sharing satyam,syntactic-english,2022-12-12 11:39:16,Accra
108,<b>Raw:</b> @koboateng @unknown_eshun Drink water bro..... Chale do you do phone apps?<br><b>Clean</b>: drink water bro chale do you do phone apps,informal-english,2022-12-12 11:39:27,Accra
109,<b>Raw:</b> @Barbie_Dooo Bueii! Them overspeed o<br><b>Clean</b>: bueii them overspeed o,informal-english,2022-12-12 11:39:44,Accra
110,"<b>Raw:</b> Candle wax? On top waiting?
ğŸ¤£ğŸ¤£ğŸ¤£ 

Steph ma pami nah ğŸ¤£
#AshewoSpace<br><b>Clean</b>: candle wax on top waiting steph ma pami nah",code-switched,2022-12-12 11:39:56,Accra
111,<b>Raw:</b> @NYboateng @mrpatriq @fosuaah_ wonni links to flagstaff? Wonny3 serious party member saaaa<br><b>Clean</b>: wonni links to flagstaff wonny3 serious party member saaaa,code-switched,2022-12-12 11:40:02,Accra
112,<b>Raw:</b> @SWISSPLUS Ei! Aa shock oo!<br><b>Clean</b>: ei aa shock oo,code-switched,2022-12-12 11:40:06,Accra
113,<b>Raw:</b> Did Ade beat Sheggz? #BBNaija<br><b>Clean</b>: did ade beat sheggz,syntactic-english,2022-12-12 11:40:14,Accra
114,"<b>Raw:</b> Nooooooo, he lost it cuz of the okro! ğŸ˜‘ https://t.co/SWLqFT8hyO https://t.co/jley4i6d6t<br><b>Clean</b>: nooooooo he lost it cuz of the okro",informal-english,2022-12-12 11:40:20,Accra
115,<b>Raw:</b> @gyaigyimii Down flat movement ğŸ˜‚ğŸ˜‚(DFM)<br><b>Clean</b>: down flat movement dfm,non-syntactic-english,2022-12-12 11:40:29,Accra
116,"<b>Raw:</b> @smartdapralem Lol nuumo you be stubborn ğŸ˜…

I come house sef<br><b>Clean</b>: lol nuumo you be stubborn i come house sef",informal-english,2022-12-12 11:40:36,Accra
117,<b>Raw:</b> @Kwame_Tsuca_1 You then the nigga get issue anaa ? ğŸ¤£ğŸ¤£<br><b>Clean</b>: you then the nigga get issue anaa,informal-english,2022-12-12 11:40:43,Accra
118,"<b>Raw:</b> Giddyfire, Amaka is waiting for you on SaturdayğŸ¤£ğŸ¤£ğŸ¤£ the violent taketh it by force ğŸ˜‚#BBNajia<br><b>Clean</b>: giddyfire amaka is waiting for you on saturday the violent taketh it by force",non-syntactic-english,2022-12-12 11:41:23,Accra
119,<b>Raw:</b> @_ChrissyA oh neighbor adey come ğŸ˜…<br><b>Clean</b>: oh neighbor adey come,informal-english,2022-12-12 11:41:33,Accra
120,<b>Raw:</b> So apparently Afi POKUA [Vim Lady ] wanted to run E-Show on Okay FM but Kwame Nkrumah Tik3sea is sabotaging her ideas ; woah ğŸ’”<br><b>Clean</b>: so apparently afi pokua vim lady wanted to run e show on okay fm but kwame nkrumah tik3sea is sabotaging her ideas woah,code-switched,2022-12-12 11:41:53,Accra
121,<b>Raw:</b> You Amaka today you donâ€™t Diana likes Giddyfia ğŸ˜“ğŸ˜“ #BBNaija<br><b>Clean</b>: you amaka today you dont diana likes giddyfia,non-syntactic-english,2022-12-12 11:42:05,Accra
122,<b>Raw:</b> @KyeiBernardo @didipreko @AsanteKotoko_SC Mk he go sleep<br><b>Clean</b>: mk he go sleep,informal-english,2022-12-12 11:42:08,Accra
123,"<b>Raw:</b> @iammokblaze @sarkodie Happy Glorious birthday,more grace<br><b>Clean</b>: happy glorious birthdaymore grace",non-syntactic-english,2022-12-12 11:42:17,Accra
124,"<b>Raw:</b> @MustafationAli @primevideosport @ManCity Itâ€™s at least 4 positions. Because RODRI, Bernardo Debryne Foden thatâ€™s 4<br><b>Clean</b>: its at least 4 positions because rodri bernardo debryne foden thats 4",non-syntactic-english,2022-12-12 11:42:50,Accra
125,<b>Raw:</b> Falz released an album?<br><b>Clean</b>: falz released an album,non-syntactic-english,2022-12-12 11:43:09,Accra
126,<b>Raw:</b> @shattawalegh @Yumvita3 0204027773 I'm Burna Boy fan<br><b>Clean</b>: 0204027773 im burna boy fan,non-syntactic-english,2022-12-12 11:43:40,Accra
127,<b>Raw:</b> Women in red &gt;&gt;&gt;&gt;&gt;&gt;&gt;&gt;&gt;<br><b>Clean</b>: women in red gtgtgtgtgtgtgtgtgt,non-syntactic-english,2022-12-12 11:43:46,Accra
128,<b>Raw:</b> @_Nhyira_ Herh soft life dey fit you Ankasa<br><b>Clean</b>: herh soft life dey fit you ankasa,code-switched,2022-12-12 11:44:12,Accra
129,<b>Raw:</b> @w_letters @iamopele Ebi fooling dem fool...no be poverty<br><b>Clean</b>: ebi fooling dem fool no be poverty,informal-english,2022-12-12 11:44:22,Accra
130,<b>Raw:</b> @jbonzy Ebi Costa p3 actually did the job oo cos chaley<br><b>Clean</b>: ebi costa p3 actually did the job oo cos chaley,informal-english,2022-12-12 11:44:31,Accra
131,"<b>Raw:</b> If Violence Was A Person Ebi Bongo, EiiiğŸ˜‚ğŸ˜‚ğŸ˜‚ğŸ˜‚<br><b>Clean</b>: if violence was a person ebi bongo eiii",code-switched,2022-12-12 11:44:37,Accra
132,"<b>Raw:</b> @shattawalegh Wale
Relax o bro<br><b>Clean</b>: wale relax o bro",informal-english,2022-12-12 11:44:45,Accra
133,<b>Raw:</b> My experience is Ashiaman and Bremen Kokoso #DNBP<br><b>Clean</b>: my experience is ashiaman and bremen kokoso,non-syntactic-english,2022-12-12 11:44:55,Accra
134,<b>Raw:</b> @noah_diallo @shiftedwomb Dnt mind her....we wnt even say anithing to her...<br><b>Clean</b>: dnt mind her we wnt even say anithing to her,informal-english,2022-12-12 11:45:00,Accra
135,<b>Raw:</b> Asey boys woy3 nniama wo Accra ha oo #DNBP<br><b>Clean</b>: asey boys woy3 nniama wo accra ha oo,incidental-english,2022-12-12 11:45:08,Accra
136,<b>Raw:</b> The math ain't mathing ğŸ˜‚ğŸ˜‚<br><b>Clean</b>: the math aint mathing,informal-english,2022-12-12 11:45:24,Accra
137,<b>Raw:</b> @_Abdul_Manan_ Make she see Shatta Michy for a remedy<br><b>Clean</b>: make she see shatta michy for a remedy,informal-english,2022-12-12 11:45:28,Accra
138,<b>Raw:</b> @iLatif_ Howâ€™s that your concern?<br><b>Clean</b>: hows that your concern,syntactic-english,2022-12-12 11:45:34,Accra
139,<b>Raw:</b> Iâ€™ve abstained long enough<br><b>Clean</b>: ive abstained long enough,syntactic-english,2022-12-12 11:45:39,Accra
140,<b>Raw:</b> @Kristabel_yaa I just did &gt;&gt;&gt;&gt;<br><b>Clean</b>: i just did gtgtgtgt,informal-english,2022-12-12 11:45:46,Accra
141,"<b>Raw:</b> â€œIf we donâ€™t have Kwaku, Kwame is thereâ€ - Coach Samuel Boadu

#GPL<br><b>Clean</b>: if we dont have kwaku kwame is there coach samuel boadu",syntactic-english,2022-12-12 11:45:52,Accra
142,<b>Raw:</b> Sheggz don miss road #BBNaija<br><b>Clean</b>: sheggz don miss road,informal-english,2022-12-12 11:45:58,Accra
143,<b>Raw:</b> @BoyKelzz @sergio_de_ennin ğŸ˜‚ğŸ˜‚ğŸ¤²the guy fuckup wÃ aa<br><b>Clean</b>: the guy fuckup wÃ aa,code-switched,2022-12-12 11:46:07,Accra
144,"<b>Raw:</b> Hear me out
Countre milk vanilla + hobnobs milk chocolate ğŸ˜©ğŸ˜ğŸ’¯<br><b>Clean</b>: hear me out countre milk vanilla hobnobs milk chocolate",informal-english,2022-12-12 11:46:13,Accra
145,<b>Raw:</b> @HonMills ah the way fante's dema eye open see what yu do give dem<br><b>Clean</b>: ah the way fantes dema eye open see what yu do give dem,code-switched,2022-12-12 11:46:20,Accra
146,<b>Raw:</b> @dfordamyy IKR. But my Ghanaian people keep saying Asake<br><b>Clean</b>: ikr but my ghanaian people keep saying asake,non-syntactic-english,2022-12-12 11:46:26,Accra
147,"<b>Raw:</b> WTF is that zhit you dropped bebe, that's not a song bebe. Its not even a vibe bebe... Back to the drawing board bebe.<br><b>Clean</b>: wtf is that zhit you dropped bebe thats not a song bebe its not even a vibe bebe back to the drawing board bebe",informal-english,2022-12-12 11:46:36,Accra
148,<b>Raw:</b> @AmeyawDebrah I'm not a guynianğŸ˜œ<br><b>Clean</b>: im not a guynian,informal-english,2022-12-12 11:48:42,Accra
149,<b>Raw:</b> Eih guys we have work tomorrow anaaa?<br><b>Clean</b>: eih guys we have work tomorrow anaaa,code-switched,2022-12-12 11:48:46,Accra
150,<b>Raw:</b> @Kuame_Oliver @dede_girlxx Herh work and happiness paa oo ğŸ¤£ğŸ¤£ğŸ¤£ this one them catch me kraaa hands down ğŸ¤£ğŸ¤£ğŸ¥º @dede_girlxx make we run away erh?? your pose saf dey kill me ğŸ¤£ğŸ¤£ğŸ¤£ğŸ¤ğŸ½ @Kuame_Oliver u no try kraa ğŸ¤£ğŸ¤£ğŸ¤£<br><b>Clean</b>: herh work and happiness paa oo this one them catch me kraaa hands down make we run away erh your pose saf dey kill me u no try kraa,code-switched,2022-12-12 11:48:52,Accra
151,"<b>Raw:</b> @KwakuAppiah83 Ar weak sef but everyday too boys dey marry, buh chaley dem say fear dem aaa just fear wai ğŸ¤¨ğŸ¤¦â€â™‚ï¸<br><b>Clean</b>: ar weak sef but everyday too boys dey marry buh chaley dem say fear dem aaa just fear wai",code-switched,2022-12-12 11:49:03,Accra
152,"<b>Raw:</b> Nkwan y3 barima, and the English is what?<br><b>Clean</b>: nkwan y3 barima and the english is what",code-switched,2022-12-12 11:49:10,Accra
153,<b>Raw:</b> @IamKingPromise And Bryan the Mensah<br><b>Clean</b>: and bryan the mensah,non-syntactic-english,2022-12-12 11:49:26,Accra
154,<b>Raw:</b> Allyson dancing behind Deji was so funny...<br><b>Clean</b>: allyson dancing behind deji was so funny,syntactic-english,2022-12-12 11:49:35,Accra
155,<b>Raw:</b> Adekunle smiling face tho  #BBNaija<br><b>Clean</b>: adekunle smiling face tho,informal-english,2022-12-12 11:49:43,Accra
156,<b>Raw:</b> Stonebwoy is my favourite #TalkYourTalk<br><b>Clean</b>: stonebwoy is my favourite,syntactic-english,2022-12-12 11:49:54,Accra
157,<b>Raw:</b> @OkwasiaBiNti Stonebwoy be your father??<br><b>Clean</b>: stonebwoy be your father,informal-english,2022-12-12 11:50:00,Accra
158,<b>Raw:</b> Ronaldo is the GOAT ğŸ #TalkYourTalk<br><b>Clean</b>: ronaldo is the goat,non-syntactic-english,2022-12-12 11:50:09,Accra
159,<b>Raw:</b> @Lester_O3 Link me some erh<br><b>Clean</b>: link me some erh,code-switched,2022-12-12 11:50:12,Accra
160,<b>Raw:</b> Eeeeeeiiii nti we exist the group stage ğŸ˜­ğŸ˜­ğŸ˜­ğŸ˜­ğŸ˜­ğŸ˜­ğŸ˜­ğŸ˜­<br><b>Clean</b>: eeeeeeiiii nti we exist the group stage,code-switched,2022-12-12 11:50:17,Accra
161,<b>Raw:</b> @gidquarshie @Komave @JacobLaryea4 @QwameEriq @Prince_kobby94 But Esafeed then Richmond boys we fool ooh. Ei<br><b>Clean</b>: but esafeed then richmond boys we fool ooh ei,informal-english,2022-12-12 11:50:27,Accra
162,"<b>Raw:</b> Chale them air me o Ei, make I delete ğŸ¤£ğŸ¤£ğŸ˜­ğŸ¤£ğŸ¤£<br><b>Clean</b>: chale them air me o ei make i delete",code-switched,2022-12-12 11:50:32,Accra
163,"<b>Raw:</b> Shatta wale never fail his fans ... No matta what kraaa 
God bless you moooooore 
#GOGALBUM https://t.co/54n1LfsqAu<br><b>Clean</b>: shatta wale never fail his fans no matta what kraaa god bless you moooooore",code-switched,2022-12-12 11:50:36,Accra
164,<b>Raw:</b> @_officialkwaku She says ebi kindness<br><b>Clean</b>: she says ebi kindness,informal-english,2022-12-12 11:52:32,Accra
165,<b>Raw:</b> @ConnCFC All time chelsea player??<br><b>Clean</b>: all time chelsea player,non-syntactic-english,2022-12-12 11:52:44,Accra
166,<b>Raw:</b> @suad_ar Siisss omg sammmeee! Even now Iâ€™ve been postponing going but I need to smh.<br><b>Clean</b>: siisss omg sammmeee even now ive been postponing going but i need to smh,informal-english,2022-12-12 11:52:50,Accra
167,<b>Raw:</b> @Sugahunyicetea Don't ruin it sitso<br><b>Clean</b>: dont ruin it sitso,informal-english,2022-12-12 11:52:55,Accra
168,<b>Raw:</b> Lmfaoo this Karmah guy dey finish me with ein relatables ğŸ¤£ğŸ¤£ğŸ¤£<br><b>Clean</b>: lmfaoo this karmah guy dey finish me with ein relatables,informal-english,2022-12-12 11:53:01,Accra
169,<b>Raw:</b> @NanaKDuaAgyeman we dont care abt ur pain....go and show the stats to otumfor....<br><b>Clean</b>: we dont care abt ur pain go and show the stats to otumfor,informal-english,2022-12-12 11:53:15,Accra
170,<b>Raw:</b> @69Positionss @Serwaa_Amihere Oh but Pedri is the golden boy and Xavi is better the Tuchelâ€¦<br><b>Clean</b>: oh but pedri is the golden boy and xavi is better the tuchel,informal-english,2022-12-12 11:53:24,Accra
171,<b>Raw:</b> @dkbghana Bossu bossu rest ! 23 to 27 years boys saff no dey get call up to national teams for the World Cup na 36 years old retired striker lmao. Ronaldo pree saff see how he dey bre den Gyan Abeg make he no worry ein body<br><b>Clean</b>: bossu bossu rest 23 to 27 years boys saff no dey get call up to national teams for the world cup na 36 years old retired striker lmao ronaldo pree saff see how he dey bre den gyan abeg make he no worry ein body,code-switched,2022-12-12 11:55:02,Accra
172,<b>Raw:</b> @mawulidake Efo. Serious matter oo<br><b>Clean</b>: efo serious matter oo,informal-english,2022-12-12 11:55:07,Accra
173,<b>Raw:</b> @Idol_Ayisha1 @WeGoTalkAm1 @jayreshh Hey I want randoms ğŸ˜<br><b>Clean</b>: hey i want randoms,informal-english,2022-12-12 11:55:15,Accra
174,<b>Raw:</b> @nunguamugeez @CyaptanTMT Even Araba Lawson isn't for Ofori Amponsah<br><b>Clean</b>: even araba lawson isnt for ofori amponsah,syntactic-english,2022-12-12 11:55:35,Accra
175,<b>Raw:</b> @Chaliescott10 @PAPPYKOJO aawwwww yu definitely suffering from mothers love.. what happend? dem drop u off da streets anaaah cus it seems u miss ur mother papapaaa<br><b>Clean</b>: aawwwww yu definitely suffering from mothers love what happend dem drop u off da streets anaaah cus it seems u miss ur mother papapaaa,code-switched,2022-12-12 11:55:49,Accra
176,<b>Raw:</b> Martha and Larley hmmm<br><b>Clean</b>: martha and larley hmmm,informal-english,2022-12-12 11:55:53,Accra
177,"<b>Raw:</b> @__agyapong If itâ€™s Kojo Antwi then am 1000% in 
#MrMusicMan<br><b>Clean</b>: if its kojo antwi then am 1000 in",non-syntactic-english,2022-12-12 11:56:06,Accra
178,<b>Raw:</b> Tomorrow if you pick Trotro just say â€œ3mmom Jordan Ayew mmom paaa dierâ€  theyâ€™ll take it from there ğŸ¤£ğŸ¤£ğŸ¤£ğŸ¤£ğŸ’€<br><b>Clean</b>: tomorrow if you pick trotro just say 3mmom jordan ayew mmom paaa dier theyll take it from there,code-switched,2022-12-12 11:56:10,Accra
179,<b>Raw:</b> @DanielKayod8 @millflicz @DadaDonBortey @obbampoegh @FelixRomark @Fentuo_ @TheOnlyBKB @purefmsports @phobia_fans @PhobiaTertiary @AsanteKotoko_SC @HeartsOfOakGH thats why theres no upgrade from borla to SHITHOLE ğŸ˜‚ğŸ˜‚ğŸ˜‚ğŸ˜‚ğŸ˜‚<br><b>Clean</b>: thats why theres no upgrade from borla to shithole,code-switched,2022-12-12 11:56:25,Accra
180,<b>Raw:</b> @ghordon_ @pnorvinyo_17 Make dem tell you?<br><b>Clean</b>: make dem tell you,informal-english,2022-12-12 11:56:29,Accra
181,<b>Raw:</b> @Arabinrinmi ğŸ¤£ğŸ¤£ğŸ¤£ Attah or Addo or Kofi or Mensah<br><b>Clean</b>: attah or addo or kofi or mensah,non-syntactic-english,2022-12-12 11:56:41,Accra
182,<b>Raw:</b> @kobbykatalyst1 Achimota forest is all yours wae Huuuh ğŸ¤¨<br><b>Clean</b>: achimota forest is all yours wae huuuh,code-switched,2022-12-12 11:56:46,Accra
183,<b>Raw:</b> @ayyooyluap Wo ho twa ankasa<br><b>Clean</b>: wo ho twa ankasa,not-english,2022-12-12 11:57:21,Accra
184,<b>Raw:</b> @michaelbruce7 @roger_dakey @thePOE_T @michaelbruce7 Is this coming from GPRTU or the GRTCC ?<br><b>Clean</b>: is this coming from gprtu or the grtcc,syntactic-english,2022-12-12 11:57:37,Accra
185,<b>Raw:</b> @lord_fuckshit @ohene_ok @Burniton_GAD @1RealYM_ You go bet make we bring dem stats. You can add Kasoa Kawabaga's stats at both Rennes and Real Madrid and I will bring Pedri's stats in just the 2021 euros.<br><b>Clean</b>: you go bet make we bring dem stats you can add kasoa kawabagas stats at both rennes and real madrid and i will bring pedris stats in just the 2021 euros,informal-english,2022-12-12 11:57:46,Accra
186,<b>Raw:</b> weytin oliver khan wanted from the koobians if i may asked @PAPPYKOJO sekof negga just dey do backyard bragging with a certain Rose Royce for video inside eii berma.ğŸ™„ ğŸ˜‚ğŸ˜‚ğŸ˜‚ğŸ˜‚<br><b>Clean</b>: weytin oliver khan wanted from the koobians if i may asked sekof negga just dey do backyard bragging with a certain rose royce for video inside eii berma,informal-english,2022-12-12 11:57:54,Accra
187,<b>Raw:</b> @MantseBiAgo Ye ti sika su... ğŸ˜‚ğŸ¤£ğŸ˜‚<br><b>Clean</b>: ye ti sika su,not-english,2022-12-12 11:57:58,Accra
188,<b>Raw:</b> @SOB_Omo_Ologo vgma was getting too much bad publicity cz of 3Music ğŸ¤“<br><b>Clean</b>: vgma was getting too much bad publicity cz of 3music,informal-english,2022-12-12 11:58:14,Accra
189,<b>Raw:</b> @OlaRae01 @lord_of_criuse @symplyDAPO U no Sabi work u worst pass Buhari<br><b>Clean</b>: u no sabi work u worst pass buhari,informal-english,2022-12-12 11:58:30,Accra
190,"<b>Raw:</b> At some point I was fvcked up! O shey mi bi kin bo'sho kin ma lo bustop
                                ~Davolee

@eminidavolee<br><b>Clean</b>: at some point i was fvcked up o shey mi bi kin bosho kin ma lo bustop davolee",code-switched,2022-12-12 11:58:46,Accra
191,<b>Raw:</b> @NomadicMaajoa wow.... enjoi but remember  ur village is faaaarrrrrrrrrr lol<br><b>Clean</b>: wow enjoi but remember ur village is faaaarrrrrrrrrr lol,informal-english,2022-12-12 11:58:58,Accra
192,<b>Raw:</b> From â€œon godâ€ to â€œon yesuâ€ ghana mohm diÉ›É› ğŸ˜„<br><b>Clean</b>: from on god to on yesu ghana mohm di,code-switched,2022-12-12 11:59:11,Accra
193,<b>Raw:</b> @SymplyAdwoa I have so follow me back ngwa ngwağŸ˜‚ğŸ˜‚ğŸ˜‚<br><b>Clean</b>: i have so follow me back ngwa ngwa,code-switched,2022-12-12 11:59:18,Accra
194,<b>Raw:</b> Youâ€™re my favorite notification ğŸ‰â¤ï¸<br><b>Clean</b>: youre my favorite notification,syntactic-english,2022-12-12 11:59:25,Accra
195,<b>Raw:</b> @WadudJournalist Same way you're saying shot about Banieh<br><b>Clean</b>: same way youre saying shot about banieh,non-syntactic-english,2022-12-12 11:59:34,Accra
196,<b>Raw:</b> Baba Sadiq owes nobody apology for saying Black Sheriffâ€™s stage was originally made for Sarkodie -Abeiku Santana is trying to cause Sarkodie ğŸ˜‚ #UnitedShowbiz<br><b>Clean</b>: baba sadiq owes nobody apology for saying black sheriffs stage was originally made for sarkodie abeiku santana is trying to cause sarkodie,non-syntactic-english,2022-12-12 11:59:49,Accra
197,"<b>Raw:</b> @ObedientAnkrah Unfortunately, he is MIA<br><b>Clean</b>: unfortunately he is mia",syntactic-english,2022-12-12 11:59:56,Accra
198,"<b>Raw:</b> @BenopaOnyx1 @alhajiglory Ma problem be say, Aubameyang saf opponents no see top (especially Vardrid) ...then Lewangoalski di3 unless Penzema pri 2nd spot like that ğŸ˜­<br><b>Clean</b>: ma problem be say aubameyang saf opponents no see top especially vardrid then lewangoalski di3 unless penzema pri 2nd spot like that",informal-english,2022-12-12 12:00:07,Accra
199,<b>Raw:</b> Every day â€œBro I wook ou this door yeahâ€  #BBNaija<br><b>Clean</b>: every day bro i wook ou this door yeah,informal-english,2022-12-12 12:00:20,Accra
200,"<b>Raw:</b> @SneakerNyame_ @NAkufoAddo Hahahahaha, it'll be the same old story, nothing better will come out of this tax. They won't be able to account for it in the end.
Heeerrrhhh! Enti Nkrumah Ghana paa nie?!!<br><b>Clean</b>: hahahahaha itll be the same old story nothing better will come out of this tax they wont be able to account for it in the end heeerrrhhh enti nkrumah ghana paa nie",code-switched,2022-12-12 12:00:39,Accra
201,<b>Raw:</b> @AsanteKotoko_SC I figa u sign Ballotelli cos that first frameâ€¦<br><b>Clean</b>: i figa u sign ballotelli cos that first frame,informal-english,2022-12-12 12:00:44,Accra
202,<b>Raw:</b> @Albylaryea 2022 deÉ›É› you've changed ampa. ğŸ˜‚ ğŸ˜‚<br><b>Clean</b>: 2022 de youve changed ampa,code-switched,2022-12-12 12:01:24,Accra
203,"<b>Raw:</b> @riismoore @iansuzir @daddys_girltn Oh kk , I see<br><b>Clean</b>: oh kk i see",informal-english,2022-12-12 12:01:28,Accra
204,<b>Raw:</b> Jhene is so fine<br><b>Clean</b>: jhene is so fine,syntactic-english,2022-12-12 12:01:34,Accra
205,<b>Raw:</b> This woman better sangggg!!!<br><b>Clean</b>: this woman better sangggg,non-syntactic-english,2022-12-12 12:01:46,Accra
206,<b>Raw:</b> @MailOnline Daily Mail never disappoints<br><b>Clean</b>: daily mail never disappoints,syntactic-english,2022-12-12 12:02:15,Accra
207,"<b>Raw:</b> @SadSeasonL Naaa bro, we ain't gon do that. Rest!<br><b>Clean</b>: naaa bro we aint gon do that rest",informal-english,2022-12-12 12:02:24,Accra
208,<b>Raw:</b> lmao NSPs catch stray ğŸ¤£<br><b>Clean</b>: lmao nsps catch stray,informal-english,2022-12-12 12:02:30,Accra
209,<b>Raw:</b> @AbenaNyamekyeA Kwaaadwofo). K) y3 baby mix. Ma milk ntwa mu.<br><b>Clean</b>: kwaaadwofo k y3 baby mix ma milk ntwa mu,incidental-english,2022-12-12 12:02:38,Accra
210,<b>Raw:</b> Cardi just gave birth to Kultureâ€™s twin years apartğŸ˜‚<br><b>Clean</b>: cardi just gave birth to kultures twin years apart,non-syntactic-english,2022-12-12 12:02:54,Accra
211,<b>Raw:</b> Chale she get Only Fans all ooo chale<br><b>Clean</b>: chale she get only fans all ooo chale,code-switched,2022-12-12 12:03:17,Accra
212,<b>Raw:</b> @itzruddy The block dem pay ğŸ˜‚ğŸ¤¦ğŸ¿â€â™‚ï¸<br><b>Clean</b>: the block dem pay,informal-english,2022-12-12 12:03:21,Accra
213,<b>Raw:</b> @SaddickAdams You throwing lowkey jabs to Ralph and Utd<br><b>Clean</b>: you throwing lowkey jabs to ralph and utd,informal-english,2022-12-12 13:32:31,Accra
214,<b>Raw:</b> ğŸ˜³ğŸ˜‚ğŸ˜‚ğŸ˜‚ğŸ˜‚ Sheggz ğŸ˜‚ğŸ˜‚ğŸ˜‚ğŸ˜‚ you are behaving because of Bella  itâ€™s been 4 working days. SHEGGZ dey work  #BBNajia<br><b>Clean</b>: sheggz you are behaving because of bella its been 4 working days sheggz dey work,informal-english,2022-12-12 13:32:47,Accra
215,"<b>Raw:</b> @gyaigyimii Chelsea and Nottingham forest both have same number of UCL trophies, udey call Chelsea too big teamâ€¦?ğŸ˜‚ğŸ˜‚<br><b>Clean</b>: chelsea and nottingham forest both have same number of ucl trophies udey call chelsea too big team",informal-english,2022-12-12 13:32:56,Accra
216,<b>Raw:</b> @1tedbaker Yeah check your WhatsApp<br><b>Clean</b>: yeah check your whatsapp,syntactic-english,2022-12-12 13:33:02,Accra
217,<b>Raw:</b> @QPhiges Mesee. I no dey barb anything kraağŸ˜“<br><b>Clean</b>: mesee i no dey barb anything kraa,code-switched,2022-12-12 13:33:18,Accra
218,<b>Raw:</b> Omo. Kids are hilarious ğŸ˜©ğŸ˜«<br><b>Clean</b>: omo kids are hilarious,informal-english,2022-12-12 13:33:21,Accra
219,<b>Raw:</b> Breakerâ€™s dema anthem this ğŸ‘ğŸ½<br><b>Clean</b>: breakers dema anthem this,informal-english,2022-12-12 13:33:26,Accra
220,<b>Raw:</b> @larrygaisie Amapiano is house music<br><b>Clean</b>: amapiano is house music,syntactic-english,2022-12-12 13:33:35,Accra
221,<b>Raw:</b> @iamJimohIsiaq We go open paa<br><b>Clean</b>: we go open paa,informal-english,2022-12-12 13:33:40,Accra
222,<b>Raw:</b> @Phino_Phino chale i de search the continuation gidigidiğŸ˜‚ğŸ˜‚<br><b>Clean</b>: chale i de search the continuation gidigidi,informal-english,2022-12-12 13:33:44,Accra
223,<b>Raw:</b> @nxwrth Yo your beatz hard<br><b>Clean</b>: yo your beatz hard,informal-english,2022-12-12 13:34:04,Accra
224,<b>Raw:</b> Herh like we dey take Yiadom go play World Cup ğŸ˜‚ğŸ˜‚ğŸ˜‚ğŸ˜‚ Aboaa<br><b>Clean</b>: herh like we dey take yiadom go play world cup aboaa,informal-english,2022-12-12 13:34:32,Accra
225,<b>Raw:</b> Yhhhh!!!! Keep the videos coming ğŸ™ŒğŸ¿ğŸ™ŒğŸ¿. Oh the Tik tok ones too ğŸ’ªğŸ¿ğŸ’• #DontHateMe<br><b>Clean</b>: yhhhh keep the videos coming oh the tik tok ones too,non-syntactic-english,2022-12-12 13:34:40,Accra
226,<b>Raw:</b> @_Stevemensa Adey block factory nowğŸ˜‚ğŸ˜‚<br><b>Clean</b>: adey block factory now,informal-english,2022-12-12 13:34:46,Accra
227,"<b>Raw:</b> chale e lef small like adey go fall in love again, like ano wash my face anka by now adey ground hmğŸ¤£ğŸ¤£<br><b>Clean</b>: chale e lef small like adey go fall in love again like ano wash my face anka by now adey ground hm",informal-english,2022-12-12 13:34:56,Accra
228,<b>Raw:</b> @richiefrimp @simmons_jnr @boi_cobby @SIKAOFFICIAL1 @DansoPhilip10 Ksi fo) da waseğŸ˜‚ğŸ˜‚ğŸ˜‚ğŸ¤£ğŸ¤£ğŸ’”<br><b>Clean</b>: ksi fo da wase,not-english,2022-12-12 13:35:16,Accra
229,<b>Raw:</b> @nyamebaafc Ato go catch you ğŸ˜‚<br><b>Clean</b>: ato go catch you,informal-english,2022-12-12 13:35:21,Accra
230,<b>Raw:</b> @PhlakesNatives itâ€™s a pleasure IFB<br><b>Clean</b>: its a pleasure ifb,informal-english,2022-12-12 13:35:33,Accra
231,<b>Raw:</b> @dat_blankson Shame on you!!! Hooooooooooo!!!!!<br><b>Clean</b>: shame on you hooooooooooo,informal-english,2022-12-12 13:35:50,Accra
232,"<b>Raw:</b> â€œChale,the girl en den en boy shon so you for do wildâ€ ğŸ˜‚ğŸ˜‚ğŸ˜‚ ei snap<br><b>Clean</b>: chalethe girl en den en boy shon so you for do wild ei snap",informal-english,2022-12-12 13:36:29,Accra
233,"<b>Raw:</b> Oh chale, DSTV no go show we the Superbowl commercials some?<br><b>Clean</b>: oh chale dstv no go show we the superbowl commercials some",informal-english,2022-12-12 13:36:33,Accra
234,<b>Raw:</b> Can Berla change already?ğŸ¤£ğŸ¤£ğŸ¤£<br><b>Clean</b>: can berla change already,syntactic-english,2022-12-12 13:36:54,Accra
235,<b>Raw:</b> @DrClaude6 Je te jure .. câ€™est tjrs le peuple qui souffre .. hmmm<br><b>Clean</b>: je te jure cest tjrs le peuple qui souffre hmmm,not-english,2022-12-12 13:37:05,Accra
236,<b>Raw:</b> @denis_mensah1 Let's tag them bro @sportybetgh<br><b>Clean</b>: lets tag them bro,syntactic-english,2022-12-12 13:37:19,Accra
237,"<b>Raw:</b> @DBLACKGH @BamNation6 @enjoyment_radio @iamsaltynation 3ny3 woaa hwan? ... legends only, let dem know uv been on the street before .... big up urself @DBLACKGH  âœŠâœŠğŸ’¯<br><b>Clean</b>: 3ny3 woaa hwan legends only let dem know uv been on the street before big up urself",code-switched,2022-12-12 13:37:26,Accra
238,<b>Raw:</b> Olele is killing me ğŸ’€ğŸ’€ğŸ’€ğŸ˜‚ğŸ˜‚ğŸ˜‚ğŸ˜‚ğŸ˜‚ğŸ˜‚ğŸ˜‚<br><b>Clean</b>: olele is killing me,syntactic-english,2022-12-12 13:38:48,Accra
239,<b>Raw:</b> @DrDNA_ You spoil there idolo ğŸ¤£ğŸ¤£ğŸ¤£<br><b>Clean</b>: you spoil there idolo,informal-english,2022-12-12 13:38:52,Accra
240,"<b>Raw:</b> Frank Lampard to Everton.
Signed
Sealed.
Will he deliver?<br><b>Clean</b>: frank lampard to everton signed sealed will he deliver",non-syntactic-english,2022-12-12 13:39:14,Accra
241,<b>Raw:</b> @Dreamchaser1017 @AmoakowaaAma She follow me sef ğŸ¤£ğŸ¤£ğŸ¤£ğŸ¤£ğŸ˜<br><b>Clean</b>: she follow me sef,informal-english,2022-12-12 13:41:21,Accra
242,<b>Raw:</b> I really wanna go see Kwame Akoto Bamfoâ€™s sculpture park this weekend<br><b>Clean</b>: i really wanna go see kwame akoto bamfos sculpture park this weekend,informal-english,2022-12-12 13:56:40,Accra
243,<b>Raw:</b> @thenanaaba Guess where the pains go to ? Omo naijağŸ˜‚ğŸ˜‚<br><b>Clean</b>: guess where the pains go to omo naija,informal-english,2022-12-12 13:56:48,Accra
244,<b>Raw:</b> Only stat Djokovic won was ace. 5 aces to Nadal's 3. All other stats won by Nadal. Beast Rafa!<br><b>Clean</b>: only stat djokovic won was ace 5 aces to nadals 3 all other stats won by nadal beast rafa,informal-english,2022-12-12 13:57:00,Accra
245,<b>Raw:</b> @ghanayesu_ Shatta see no block you ğŸ˜‚ negga fraid lol<br><b>Clean</b>: shatta see no block you negga fraid lol,informal-english,2022-12-12 13:57:04,Accra
246,<b>Raw:</b> Kim moving like Mmanwu Ulaga in Duct tape ğŸ˜‚<br><b>Clean</b>: kim moving like mmanwu ulaga in duct tape,non-syntactic-english,2022-12-12 13:57:15,Accra
247,<b>Raw:</b> @iamyourspec This tear me walayi<br><b>Clean</b>: this tear me walayi,code-switched,2022-12-12 13:57:39,Accra
248,"<b>Raw:</b> the guy change ein fifa account logins, eye clear, fifa 19 mood activated ğŸ˜­ğŸ˜­ğŸ˜­ğŸ˜­ğŸ˜­ğŸ˜­ğŸ˜­ğŸ˜­ğŸ˜­<br><b>Clean</b>: the guy change ein fifa account logins eye clear fifa 19 mood activated",informal-english,2022-12-12 13:57:43,Accra
249,"<b>Raw:</b> Zaynab  ! 
very articulate points.<br><b>Clean</b>: zaynab very articulate points",non-syntactic-english,2022-12-12 13:57:50,Accra
250,<b>Raw:</b> @official__quoby He finish shs oo. ğŸ˜‚<br><b>Clean</b>: he finish shs oo,code-switched,2022-12-12 13:57:57,Accra
251,<b>Raw:</b> @Komave Eiiiii I see ago show you for WhatsApp<br><b>Clean</b>: eiiiii i see ago show you for whatsapp,code-switched,2022-12-12 13:58:11,Accra
252,<b>Raw:</b> @ellangozi4 Let's be besties na<br><b>Clean</b>: lets be besties na,informal-english,2022-12-12 13:58:19,Accra
253,<b>Raw:</b> @QuameKwakye e shock u abi<br><b>Clean</b>: e shock u abi,code-switched,2022-12-12 13:58:27,Accra
254,<b>Raw:</b> @malikofori Kindly follow back bro<br><b>Clean</b>: kindly follow back bro,syntactic-english,2022-12-12 13:58:37,Accra
255,<b>Raw:</b> @dessack I shock sef... Ei make like then ei dey watch different fight o<br><b>Clean</b>: i shock sef ei make like then ei dey watch different fight o,code-switched,2022-12-12 13:58:58,Accra
256,<b>Raw:</b> Paul Adom Okyere is the real definition of goro boys and Bernard Avle is definition of professional journalism.<br><b>Clean</b>: paul adom okyere is the real definition of goro boys and bernard avle is definition of professional journalism,syntactic-english,2022-12-12 13:59:28,Accra
257,<b>Raw:</b> Jrue and Giannis better end it tonight<br><b>Clean</b>: jrue and giannis better end it tonight,syntactic-english,2022-12-12 14:00:02,Accra
258,<b>Raw:</b> @quame_age @Kayjnr10 @Aboa_Banku1 @manueljnrlovely @Baba_Gannah @_1realfred @0000_HRS @mrlamar01 @EtornamJoccy @Innocentbitch1_ @Jah_Guid @ShattaSilvis Saaaaa ğŸ¤”ğŸ¤” such is life ğŸ˜“<br><b>Clean</b>: saaaaa such is life,code-switched,2022-12-12 14:01:12,Accra
259,<b>Raw:</b> Butter bread and cornflakes with groundnuts &gt;&gt;&gt;<br><b>Clean</b>: butter bread and cornflakes with groundnuts gtgtgt,non-syntactic-english,2022-12-12 14:01:28,Accra
260,"<b>Raw:</b> @imyunkobe WTF u same as me bruda,we role alone,we got no one to tell our problems to,WDGAF bout anyone,we enough!!!ğŸ˜ğŸ™ğŸ¼<br><b>Clean</b>: wtf u same as me brudawe role alonewe got no one to tell our problems towdgaf bout anyonewe enough",informal-english,2022-12-12 14:01:41,Accra
261,<b>Raw:</b> @WahabJr07 I shock self bro<br><b>Clean</b>: i shock self bro,informal-english,2022-12-12 14:01:46,Accra
262,"<b>Raw:</b> Patrick vieira,s reactions towards the Everton fan was awful ğŸ˜¢<br><b>Clean</b>: patrick vieiras reactions towards the everton fan was awful",non-syntactic-english,2022-12-12 14:01:54,Accra
263,<b>Raw:</b> @OpareNicholas2 Everything fine oo bro<br><b>Clean</b>: everything fine oo bro,informal-english,2022-12-12 14:01:57,Accra
264,"<b>Raw:</b> Ghana Football ffs ğŸ™„ 
Not the whole Ghana abegew<br><b>Clean</b>: ghana football ffs not the whole ghana abegew",informal-english,2022-12-12 14:02:05,Accra
265,<b>Raw:</b> #Abena go reach Facebook nextyear<br><b>Clean</b>: go reach facebook nextyear,non-syntactic-english,2022-12-12 14:02:19,Accra
266,<b>Raw:</b> @ekua_egyi And u hvnt done anything for me yet. Smh<br><b>Clean</b>: and u hvnt done anything for me yet smh,informal-english,2022-12-12 14:02:23,Accra
267,<b>Raw:</b> Herh men are bad<br><b>Clean</b>: herh men are bad,informal-english,2022-12-12 14:02:27,Accra
268,<b>Raw:</b> Ronaldo is the GOAT ğŸ #TalkYourTalk #CR7ğ“ƒµ<br><b>Clean</b>: ronaldo is the goat,syntactic-english,2022-12-12 14:02:33,Accra
269,<b>Raw:</b> @abenamagis @YAW_OB It's too late bro<br><b>Clean</b>: its too late bro,syntactic-english,2022-12-12 14:02:40,Accra
270,<b>Raw:</b> ğŸ˜³ Groovy you like Phyna? Omo you this guy na ogbanje ğŸ˜‚ #BBNaija<br><b>Clean</b>: groovy you like phyna omo you this guy na ogbanje,informal-english,2022-12-12 14:02:45,Accra
271,<b>Raw:</b> @a_seyy_e Lol after you Aseye ğŸ¤£<br><b>Clean</b>: lol after you aseye,informal-english,2022-12-12 14:02:59,Accra
272,<b>Raw:</b> @MaeyourSoonkie @efyabrooks @oloksy You're only known for 419<br><b>Clean</b>: youre only known for 419,syntactic-english,2022-12-12 14:03:08,Accra
273,<b>Raw:</b> The UK peng tings â™¥ï¸<br><b>Clean</b>: the uk peng tings,informal-english,2022-12-12 14:03:19,Accra
274,<b>Raw:</b> @__Ummieey Come and love me errrr. You'll be fine.ğŸ˜‚<br><b>Clean</b>: come and love me errrr youll be fine,informal-english,2022-12-12 14:03:23,Accra
275,<b>Raw:</b> @daddys_girltn Lyk hw can u tell me dis story with an invisible Bf...ğŸ˜†<br><b>Clean</b>: lyk hw can u tell me dis story with an invisible bf,informal-english,2022-12-12 14:03:32,Accra
276,<b>Raw:</b> Amir Khan ankasa hmm<br><b>Clean</b>: amir khan ankasa hmm,informal-english,2022-12-12 14:03:41,Accra
277,<b>Raw:</b> Entering Dms with â€œMashaAllah youâ€™re so beautifulâ€ tomorrow ğŸ¤­<br><b>Clean</b>: entering dms with mashaallah youre so beautiful tomorrow,informal-english,2022-12-12 14:03:47,Accra
278,<b>Raw:</b> @Msgr_Rothschild â€˜Ey3 mobor ayâ€™ ğŸ¤£ğŸ¤£ğŸ¤£ğŸ¤ğŸ¤ you confirm your age bro<br><b>Clean</b>: ey3 mobor ay you confirm your age bro,code-switched,2022-12-12 14:03:52,Accra
279,<b>Raw:</b> @koboateng ei then not a small thing you're having<br><b>Clean</b>: ei then not a small thing youre having,code-switched,2022-12-12 14:04:05,Accra
280,<b>Raw:</b> @Eerrmm_didi Words nu enba po<br><b>Clean</b>: words nu enba po,code-switched,2022-12-12 14:04:14,Accra
281,"<b>Raw:</b> Full dbee from Ashesi university needed immediately, please retweetğŸ™ğŸ½<br><b>Clean</b>: full dbee from ashesi university needed immediately please retweet",informal-english,2022-12-12 14:04:20,Accra
282,<b>Raw:</b> @I_Am_Winter @EFYA_Nokturnal @gyaigyimii @SneakerNyame_ @BogaGH @dj_backyard @djpaak Thatâ€™s her handle bro @Kiki_Celinee<br><b>Clean</b>: thats her handle bro,syntactic-english,2022-12-12 14:04:27,Accra
283,<b>Raw:</b> @kharyne_yalley your voice nu de3 hmmmm #VGMA23<br><b>Clean</b>: your voice nu de3 hmmmm,code-switched,2022-12-12 14:04:31,Accra
284,<b>Raw:</b> @benbenaqua Ask them again ooooooooo<br><b>Clean</b>: ask them again ooooooooo,informal-english,2022-12-12 14:04:40,Accra
285,<b>Raw:</b> @NAkufoAddo I hope say you spoil there for Serwaa Broni<br><b>Clean</b>: i hope say you spoil there for serwaa broni,informal-english,2022-12-12 14:04:48,Accra
286,<b>Raw:</b> @Lewan_____ They are not Gino<br><b>Clean</b>: they are not gino,informal-english,2022-12-12 14:04:53,Accra
287,<b>Raw:</b> @__codebug If you'll see the passport nkoaa dier ğŸ’€<br><b>Clean</b>: if youll see the passport nkoaa dier,code-switched,2022-12-12 15:54:48,Accra
288,<b>Raw:</b> @gyaigyimii Move to the Bantama high street or head to Asafo Amakom traffic light (Night Waakye)<br><b>Clean</b>: move to the bantama high street or head to asafo amakom traffic light night waakye,code-switched,2022-12-12 15:54:51,Accra
289,<b>Raw:</b> @DOScodified @Jamieilish @DANEisQueen @Tidohthando Herh fa wo gyimie fri ha k)<br><b>Clean</b>: herh fa wo gyimie fri ha k,not-english,2022-12-12 15:55:02,Accra
290,<b>Raw:</b> You  are an  Ewe? and you haven't soak Efo Yao Borbor yet tweaaaa!<br><b>Clean</b>: you are an ewe and you havent soak efo yao borbor yet tweaaaa,code-switched,2022-12-12 15:55:09,Accra
291,"<b>Raw:</b> @SWISSPLUS @aboafunu_ Ah! Wey basa basa ""hen house"" this!<br><b>Clean</b>: ah wey basa basa hen house this",incidental-english,2022-12-12 16:14:58,Accra
292,<b>Raw:</b> @unrulyking00 @juniorkingp Oh sorry ğŸ˜ but am referring it to oxlade chaley<br><b>Clean</b>: oh sorry but am referring it to oxlade chaley,informal-english,2022-12-12 16:15:10,Accra
293,"<b>Raw:</b> @SedudziTsegah Lol Torgbui, roff talk sorr. 
Now where them dey? 
They sleep!<br><b>Clean</b>: lol torgbui roff talk sorr now where them dey they sleep",code-switched,2022-12-12 16:15:23,Accra
294,"<b>Raw:</b> The Ghost pessi has assisted again

Score goals pessi

Damn you pessiğŸ˜©ğŸ˜©<br><b>Clean</b>: the ghost pessi has assisted again score goals pessi damn you pessi",informal-english,2022-12-12 16:15:51,Accra
295,<b>Raw:</b> @NanaKwameFlex3 Some people dema thinking be different kraa oo ğŸ˜‚ğŸ˜‚<br><b>Clean</b>: some people dema thinking be different kraa oo,code-switched,2022-12-12 16:15:58,Accra
296,<b>Raw:</b> @tatascaritas You dey worry oooo ğŸ˜€<br><b>Clean</b>: you dey worry oooo,code-switched,2022-12-12 16:16:06,Accra
297,<b>Raw:</b> @DanielKayod8 @millflicz @DadaDonBortey @obbampoegh @FelixRomark @Fentuo_ @TheOnlyBKB @purefmsports @phobia_fans @PhobiaTertiary @AsanteKotoko_SC @HeartsOfOakGH see this man ooh I taught ibi ur legend plsss we dont need borla<br><b>Clean</b>: see this man ooh i taught ibi ur legend plsss we dont need borla,code-switched,2022-12-12 16:16:17,Accra
298,<b>Raw:</b> @kuame_ab @iamyevesky @StatsGH Morro I go reply you waaa. You.<br><b>Clean</b>: morro i go reply you waaa you,code-switched,2022-12-12 16:16:31,Accra
299,"<b>Raw:</b> @_lawslaw @iLatif_ UPSA sef? You people dey this app top dey figa, sia I hope say if you die them go burry you for air conditioned coffin inside. Tswww S3 UPSA sef ğŸ¤¦ğŸ½â€â™‚ï¸ğŸ¤§ğŸ¤§ğŸ¤§<br><b>Clean</b>: upsa sef you people dey this app top dey figa sia i hope say if you die them go burry you for air conditioned coffin inside tswww s3 upsa sef",code-switched,2022-12-12 16:16:53,Accra
300,<b>Raw:</b> @akosuamoremonie Her woboa sugar daddy ğŸ¥º<br><b>Clean</b>: her woboa sugar daddy,code-switched,2022-12-12 16:18:41,Accra
301,<b>Raw:</b> @Miss_Kess ğŸ˜‚ğŸ˜­ğŸ˜‚ğŸ˜‚ I swallowed it tbh<br><b>Clean</b>: i swallowed it tbh,informal-english,2022-12-12 16:18:46,Accra
302,"<b>Raw:</b> My top 4 Prediction

MANCHESTER CITY
CHELSEA
LIVERPOOL
TOTTENHAM<br><b>Clean</b>: my top 4 prediction manchester city chelsea liverpool tottenham",non-syntactic-english,2022-12-12 16:18:55,Accra
303,<b>Raw:</b> Erh! This Dami girl can talk plenty gibberish.<br><b>Clean</b>: erh this dami girl can talk plenty gibberish,informal-english,2022-12-12 16:19:03,Accra
304,<b>Raw:</b> Compliments on my nollywood fit and dancing. Loooooooool<br><b>Clean</b>: compliments on my nollywood fit and dancing loooooooool,informal-english,2022-12-12 16:19:10,Accra
305,<b>Raw:</b> This is for Stonebwoy ğŸ˜<br><b>Clean</b>: this is for stonebwoy,syntactic-english,2022-12-12 16:19:17,Accra
306,<b>Raw:</b> #buga everywhere for Ghana but ebi naija song ğŸ˜­ğŸ˜­<br><b>Clean</b>: everywhere for ghana but ebi naija song,informal-english,2022-12-12 16:19:25,Accra
307,<b>Raw:</b> My first Ep chale.<br><b>Clean</b>: my first ep chale,informal-english,2022-12-12 16:19:32,Accra
308,<b>Raw:</b> You people no force for Mis FineWine kraa! ğŸ˜“<br><b>Clean</b>: you people no force for mis finewine kraa,code-switched,2022-12-12 16:20:13,Accra
309,<b>Raw:</b> nigga i still drill!<br><b>Clean</b>: nigga i still drill,informal-english,2022-12-12 16:20:24,Accra
310,"<b>Raw:</b> @ERNESTO0PAPA @Muftawu_Nabila @AsanteKotoko_SC buluu buluu like u gerruut
lemme enjoy my win  I'll get time for u<br><b>Clean</b>: buluu buluu like u gerruut lemme enjoy my win ill get time for u",informal-english,2022-12-12 16:20:29,Accra
311,<b>Raw:</b> @iLatif_ Link me some chaleğŸŒš<br><b>Clean</b>: link me some chale,informal-english,2022-12-12 16:20:33,Accra
312,"<b>Raw:</b> @blissart01 @BrownLawrina That my godfather ryt ther , will smith<br><b>Clean</b>: that my godfather ryt ther will smith",informal-english,2022-12-12 16:20:38,Accra
313,<b>Raw:</b> @Opresii Ashoq selfğŸ¤® maybe ğŸ¤” MTNğŸ’”ğŸ˜‚<br><b>Clean</b>: ashoq self maybe mtn,informal-english,2022-12-12 16:20:44,Accra
314,<b>Raw:</b> @NtimEmanovic That Obaa Boni she even fine seff ?<br><b>Clean</b>: that obaa boni she even fine seff,code-switched,2022-12-12 16:20:51,Accra
315,<b>Raw:</b> @FaiqahKarim Me ?? Since jhs?? ğŸ¤£ğŸ¤£ eeiish which history be this<br><b>Clean</b>: me since jhs eeiish which history be this,code-switched,2022-12-12 16:21:35,Accra
316,<b>Raw:</b> Daniella and Khalid are so cute together  #BBNajia<br><b>Clean</b>: daniella and khalid are so cute together,syntactic-english,2022-12-12 16:22:02,Accra
317,<b>Raw:</b> @saintwilderr Chale chaleğŸ˜‚ i dey wrong field bro CS no be my ly<br><b>Clean</b>: chale chale i dey wrong field bro cs no be my ly,informal-english,2022-12-12 16:22:07,Accra
318,<b>Raw:</b> Sister mariama tell them...<br><b>Clean</b>: sister mariama tell them,non-syntactic-english,2022-12-12 16:22:18,Accra
319,<b>Raw:</b> @Mr_okletey I prefer old Adele<br><b>Clean</b>: i prefer old adele,syntactic-english,2022-12-12 16:22:32,Accra
320,<b>Raw:</b> @K_Soprano13 coming like nicki minajâ€™s cousin swollen balls<br><b>Clean</b>: coming like nicki minajs cousin swollen balls,non-syntactic-english,2022-12-12 16:23:11,Accra
321,<b>Raw:</b> Raised by wolves ne kwata kwata ne s3n<br><b>Clean</b>: raised by wolves ne kwata kwata ne s3n,code-switched,2022-12-12 16:23:40,Accra
322,<b>Raw:</b> @incredibleDanix @marshal_sensi follow let's be mutuals<br><b>Clean</b>: follow lets be mutuals,non-syntactic-english,2022-12-12 16:24:18,Accra
323,"<b>Raw:</b> Adekunle is so charming..ğŸ¥°

#BBNaija2022 #BBNaija<br><b>Clean</b>: adekunle is so charming",syntactic-english,2022-12-12 16:24:23,Accra
324,"<b>Raw:</b> @_aaworldwide @QwameManchester David Silva 
Cesc Fabregas 
Fernando Torres 
Mike Arteta 
David De Gea/Juan Mata<br><b>Clean</b>: david silva cesc fabregas fernando torres mike arteta david de geajuan mata",non-syntactic-english,2022-12-12 16:24:36,Accra
325,<b>Raw:</b> @Graphicgh @MayorSackey @AccraMetropolis @ghanatourismGTA @AbeikuSantana @ato_afful @wode_maya @GhanaianMuseum Aqua Safari and Afadjato<br><b>Clean</b>: aqua safari and afadjato,non-syntactic-english,2022-12-12 16:24:56,Accra
326,"<b>Raw:</b> @franswagga Lol ğŸ˜‚ , as i dey tweet saffff , i dey impregnate some halfcast bi for my subconscious ryt deeee norrr<br><b>Clean</b>: lol as i dey tweet saffff i dey impregnate some halfcast bi for my subconscious ryt deeee norrr",code-switched,2022-12-12 16:25:04,Accra
327,<b>Raw:</b> @DanielKayod8 @millflicz @DadaDonBortey @obbampoegh @FelixRomark @Fentuo_ @TheOnlyBKB @purefmsports @phobia_fans @PhobiaTertiary @AsanteKotoko_SC @HeartsOfOakGH to the Aboboyaa fc<br><b>Clean</b>: to the aboboyaa fc,code-switched,2022-12-12 16:25:20,Accra
328,<b>Raw:</b> Yooooooo @KwakuDMC dropped some harddd baarrs on his new joint BIG CAKE.<br><b>Clean</b>: yooooooo dropped some harddd baarrs on his new joint big cake,non-syntactic-english,2022-12-12 16:25:39,Accra
329,<b>Raw:</b> @Listo_Mens We shld imagine. Lol<br><b>Clean</b>: we shld imagine lol,informal-english,2022-12-12 16:25:46,Accra
330,"<b>Raw:</b> @Tomm_ridle Wh3333333,my mind dey paaaaaa, can you sing all the songs in the Naruto animie?<br><b>Clean</b>: wh3333333my mind dey paaaaaa can you sing all the songs in the naruto animie",informal-english,2022-12-12 16:25:59,Accra
331,<b>Raw:</b> Messi is the GOAT ğŸ #TalkYourTalk<br><b>Clean</b>: messi is the goat,syntactic-english,2022-12-12 16:26:04,Accra
332,<b>Raw:</b> @kwakuaframm @Damien_bemp @PRESECLEGON_ Fior you dey come passğŸ˜…Wednesday morning hot chocolate drink<br><b>Clean</b>: fior you dey come passwednesday morning hot chocolate drink,code-switched,2022-12-12 16:26:13,Accra
333,<b>Raw:</b> Ebaa hi po nÉ› ???<br><b>Clean</b>: ebaa hi po n,not-english,2022-12-12 16:26:20,Accra
334,<b>Raw:</b> @No1Stan_ @sarkodie @stonebwoy He did. At Rapperholic 2021<br><b>Clean</b>: he did at rapperholic 2021,non-syntactic-english,2022-12-12 16:26:27,Accra
335,<b>Raw:</b> Listen to Crossover Praise by Boomplay Ghana on Boomplay. https://t.co/gtNUKHRTqh<br><b>Clean</b>: listen to crossover praise by boomplay ghana on boomplay,non-syntactic-english,2022-12-12 16:26:39,Accra
336,<b>Raw:</b> chale I want date oooh but wan ba baaa<br><b>Clean</b>: chale i want date oooh but wan ba baaa,code-switched,2022-12-12 16:26:46,Accra
337,<b>Raw:</b> @Sir_Benneh Adey go join city<br><b>Clean</b>: adey go join city,code-switched,2022-12-12 16:26:53,Accra
338,<b>Raw:</b> @jaysonluel Account sef ano get<br><b>Clean</b>: account sef ano get,code-switched,2022-12-12 16:27:08,Accra
339,<b>Raw:</b> GHC 200k for two books. Ernest Ofori and Kennedy Agyapong bought first two copies of #LeGyanDary GHC 100k each.<br><b>Clean</b>: ghc 200k for two books ernest ofori and kennedy agyapong bought first two copies of ghc 100k each,non-syntactic-english,2022-12-12 16:27:24,Accra
340,<b>Raw:</b> @NebaSark A tell you bro... all on point bro<br><b>Clean</b>: a tell you bro all on point bro,informal-english,2022-12-12 16:27:45,Accra
341,<b>Raw:</b> If you ever compared Kweku Flick to Kwesi Arthur.... Just go and apologize.... Herh!! #sonsofjacob<br><b>Clean</b>: if you ever compared kweku flick to kwesi arthur just go and apologize herh,non-syntactic-english,2022-12-12 16:27:55,Accra
342,<b>Raw:</b> Aswear Shatta Wale Know The Game Inside ğŸ˜‚ğŸ˜‚ğŸ˜‚#GOGTracklist<br><b>Clean</b>: aswear shatta wale know the game inside,non-syntactic-english,2022-12-12 16:28:02,Accra
343,<b>Raw:</b> @Zike102 @gyaigyimii Go and learn about Ebo Taylor and Osibisa<br><b>Clean</b>: go and learn about ebo taylor and osibisa,syntactic-english,2022-12-12 16:28:09,Accra
344,<b>Raw:</b> @adamadjei @stephendonkor @RalphMupita @MTNSouthAfrica @MTNGhana Masa I beg waeeee<br><b>Clean</b>: masa i beg waeeee,code-switched,2022-12-12 16:28:16,Accra
345,<b>Raw:</b> Pappy Kojo dey everywhere<br><b>Clean</b>: pappy kojo dey everywhere,informal-english,2022-12-12 16:28:33,Accra
346,<b>Raw:</b> @munachimso__e @Ama__Burland The spots on her thighs is giving ewww ewwwer ewwwest<br><b>Clean</b>: the spots on her thighs is giving ewww ewwwer ewwwest,informal-english,2022-12-12 16:28:47,Accra
347,"<b>Raw:</b> ğŸ˜‚ ğŸ˜‚ ğŸ˜‚ ğŸ˜‚ You see errnn the tin ebe mediocre ooo wey dem do am mid mid saa no, ebe nom kraa nte ase3 https://t.co/aneCokH60A<br><b>Clean</b>: you see errnn the tin ebe mediocre ooo wey dem do am mid mid saa no ebe nom kraa nte ase3",code-switched,2022-12-12 16:28:53,Accra
348,<b>Raw:</b> @homebargains Wat do u guys take us 4? U make us waste our tym and crte acnt on ur plt4m in other 2 access ur emplymnt aplcationğŸ˜¥waste our tym 2 fill in 2 details evry part of ur aplcation questnğŸ˜¢n later tell de persn they don't meet eligibilityğŸ˜­wat is dat? R u only tryn to make fun of usğŸ˜­<br><b>Clean</b>: wat do u guys take us 4 u make us waste our tym and crte acnt on ur plt4m in other 2 access ur emplymnt aplcationwaste our tym 2 fill in 2 details evry part of ur aplcation questnn later tell de persn they dont meet eligibilitywat is dat r u only tryn to make fun of us,informal-english,2022-12-12 16:28:58,Accra
349,<b>Raw:</b> @oscean_king I gerrit.... She's just sublime dumb... That's all<br><b>Clean</b>: i gerrit shes just sublime dumb thats all,non-syntactic-english,2022-12-12 16:29:09,Accra
350,<b>Raw:</b> Omo mehn.... Ghana Police be shocking me right now...<br><b>Clean</b>: omo mehn ghana police be shocking me right now,code-switched,2022-12-12 16:29:14,Accra
351,<b>Raw:</b> @CypherDavid @cyril_korletey The boy is Ashawo<br><b>Clean</b>: the boy is ashawo,syntactic-english,2022-12-12 16:29:24,Accra
352,<b>Raw:</b> @tsholo_travels Heya... Lots your contact.. Dm me let's talk kk<br><b>Clean</b>: heya lots your contact dm me lets talk kk,non-syntactic-english,2022-12-12 16:29:29,Accra
353,<b>Raw:</b> Feminists too login ebei<br><b>Clean</b>: feminists too login ebei,code-switched,2022-12-12 16:29:40,Accra
354,<b>Raw:</b> @tv3_ghana Afrah all the way ğŸ”¥ğŸ”¥ğŸ”¥<br><b>Clean</b>: afrah all the way,non-syntactic-english,2022-12-12 16:29:52,Accra
355,<b>Raw:</b> @wooda_10 Niqqas always skipping scenes<br><b>Clean</b>: niqqas always skipping scenes,informal-english,2022-12-12 16:29:59,Accra
356,<b>Raw:</b> Ronaldo is the GOAT ğŸ #TalkYourTalk #CR7ğ“ƒµ<br><b>Clean</b>: ronaldo is the goat,syntactic-english,2022-12-12 16:30:09,Accra
357,<b>Raw:</b> @Brew_lol He be yawa pass<br><b>Clean</b>: he be yawa pass,code-switched,2022-12-12 16:30:17,Accra
358,<b>Raw:</b> Ronaldo is the GOAT ğŸ #TalkYourTalk<br><b>Clean</b>: ronaldo is the goat,syntactic-english,2022-12-12 16:30:21,Accra
